Ping_Timestamp_NZ,URL,Status,HTTP_Code,DNS_TLD,nca_registration_date,modification_date
2025-06-19 14:00:02 NZST,https://goldenarcadvisors.com,Not Alive,Error,com,2025-06-17,2025-06-17
2025-06-19 14:00:02 NZST,https://pencpa.com,Not Alive,Error,com,2025-06-13,2025-06-17
2025-06-19 14:00:03 NZST,https://pen-cpa.com,Not Alive,Error,com,2025-06-13,2025-06-17
2025-06-19 14:00:04 NZST,https://bluspringfinancials.org/,Alive,200,org,2025-06-13,2025-06-17
2025-06-19 14:00:04 NZST,https://pen-cpa.com,Not Alive,Error,com,2025-06-13,2025-06-17
2025-06-19 14:00:05 NZST,https://zentroglobalbank.com/,Alive,200,com,2025-06-13,2025-06-16
2025-06-19 14:00:06 NZST,https://windvaletrust.online/,Alive,200,online,2025-06-13,2025-06-16
2025-06-19 14:00:07 NZST,https://veritasapexbank.com/,Alive,200,com,2025-06-13,2025-06-16
2025-06-19 14:00:10 NZST,https://vaulttrustglobal.online/,Alive,200,online,2025-06-13,2025-06-16
2025-06-19 14:00:10 NZST,https://www.unionedgecapital.org/,Not Alive,Error,org,2025-06-13,2025-06-16
2025-06-19 14:00:11 NZST,https://veritasapexbank.com/,Alive,200,com,2025-06-13,2025-06-16
2025-06-19 14:00:12 NZST,https://unbbs.online/,Alive,200,online,2025-06-13,2025-06-16
2025-06-19 14:00:12 NZST,https://www.trustapexalliance.com/,Not Alive,Error,com,2025-06-13,2025-06-16
2025-06-19 14:00:13 NZST,https://steadfastpremierbnk.org/,Alive,200,org,2025-06-13,2025-06-16
2025-06-19 14:00:14 NZST,http://www.standardsafetrust.org/,Alive,200,org,2025-06-13,2025-06-16
2025-06-19 14:00:16 NZST,https://standardgroups.org/,Alive,200,org,2025-06-13,2025-06-16
2025-06-19 14:00:16 NZST,https://www.standardchrtrev.com/,Alive,200,com,2025-06-13,2025-06-16
2025-06-19 14:00:17 NZST,https://stabilitytrustcu.online/,Alive,200,online,2025-06-13,2025-06-16
2025-06-19 14:00:18 NZST,https://solviumcapital.org/,Not Alive,Error,org,2025-06-13,2025-06-16
2025-06-19 14:00:18 NZST,https://www.solidunioncapitals.com/,Not Alive,Error,com,2025-06-13,2025-06-16
2025-06-19 14:00:19 NZST,https://www.skyfinanceholdings.com/,Not Alive,Error,com,2025-06-13,2025-06-16
2025-06-19 14:00:20 NZST,https://www.shieldoptimatrust.online/,Alive,200,online,2025-06-13,2025-06-16
2025-06-19 14:00:21 NZST,https://www.rfitrustglobal.com,Alive,200,com,2025-06-13,2025-06-16
2025-06-19 14:00:22 NZST,https://reaquityfinance.com/,Alive,200,com,2025-06-13,2025-06-16
2025-06-19 14:00:22 NZST,https://prestigecrestheights.online/,Alive,200,online,2025-06-13,2025-06-16
2025-06-19 14:00:23 NZST,https://pillarheritagesave.pro/,Not Alive,Error,pro,2025-06-13,2025-06-16
2025-06-19 14:00:23 NZST,https://originspringtrust.online/,Alive,200,online,2025-06-13,2025-06-16
2025-06-19 14:00:24 NZST,https://www.opulentmarktrust.online/,Alive,200,online,2025-06-13,2025-06-16
2025-06-19 14:00:25 NZST,https://noventrawealthbank.com,Alive,200,com,2025-06-13,2025-06-16
2025-06-19 14:00:26 NZST,https://novapinnacle.org/,Alive,200,org,2025-06-13,2025-06-16
2025-06-19 14:00:26 NZST,https://www.novatrustway.online/,Alive,200,online,2025-06-13,2025-06-16
2025-06-19 14:00:27 NZST,https://www.noblecapitalheights.online/,Alive,200,online,2025-06-13,2025-06-16
2025-06-19 14:00:29 NZST,https://internationalfinancemalaysia.com/,Alive,200,com,2025-06-13,2025-06-16
2025-06-19 14:00:29 NZST,https://interspectrabnk.com/,Not Alive,Error,com,2025-06-13,2025-06-16
2025-06-19 14:00:30 NZST,https://pvbbk.com/,Alive,200,com,2025-06-13,2025-06-16
2025-06-19 14:00:31 NZST,https://horizonridgecu.online/,Alive,200,online,2025-06-13,2025-06-16
2025-06-19 14:00:32 NZST,https://horixenfinancebank.com/,Not Alive,Error,com,2025-06-13,2025-06-16
2025-06-19 14:00:32 NZST,https://www.hbglobalbank.com/,Not Alive,Error,com,2025-06-13,2025-06-16
2025-06-19 14:00:33 NZST,https://havenrocktrust.online/,Not Alive,Error,online,2025-06-13,2025-06-16
2025-06-19 14:00:33 NZST,https://www.guaranteefinbank.com/,Not Alive,Error,com,2025-06-13,2025-06-16
2025-06-19 14:00:34 NZST,https://globalcitytrustbank.com/,Not Alive,Error,com,2025-06-13,2025-06-16
2025-06-19 14:00:34 NZST,https://grandwavealliance.com/,Not Alive,Error,com,2025-06-13,2025-06-16
2025-06-19 14:00:35 NZST,https://www.goldenshoretrust.online/,Alive,200,online,2025-06-13,2025-06-16
2025-06-19 14:00:36 NZST,https://globeunionfinance.com/,Alive,200,com,2025-06-13,2025-06-16
2025-06-19 14:00:36 NZST,https://elevateedgetrust.online/,Not Alive,Error,online,2025-06-13,2025-06-16
2025-06-19 14:00:37 NZST,https://edgefinancialcorp.org,Alive,200,org,2025-06-13,2025-06-16
2025-06-19 14:00:38 NZST,https://crestnobletrust.online/,Alive,200,online,2025-06-13,2025-06-16
2025-06-19 14:00:39 NZST,https://crespofinance.com/,Alive,200,com,2025-06-13,2025-06-16
2025-06-19 14:00:39 NZST,https://creditswiftassets.org/index-2.html,Not Alive,Error,org,2025-06-13,2025-06-16
2025-06-19 14:00:40 NZST,https://www.creditswiftassets.org/,Not Alive,Error,org,2025-06-13,2025-06-16
2025-06-19 14:00:40 NZST,https://creditfastunion.com/index-2.html,Not Alive,Error,com,2025-06-13,2025-06-16
2025-06-19 14:00:41 NZST,https://credilyunions.com/index.php,Not Alive,Error,com,2025-06-13,2025-06-16
2025-06-19 14:00:41 NZST,https://www.ctcalliance.com/,Not Alive,Error,com,2025-06-13,2025-06-16
2025-06-19 14:00:42 NZST,https://chaabipluscapital.org/,Not Alive,Error,org,2025-06-13,2025-06-16
2025-06-19 14:00:43 NZST,https://www.celeritastrustbank.com/,Not Alive,Error,com,2025-06-13,2025-06-16
2025-06-19 14:00:43 NZST,https://auxtrusunion.com/index-2.php,Not Alive,Error,com,2025-06-13,2025-06-16
2025-06-19 14:00:44 NZST,https://ascendhaventrust.online,Alive,200,online,2025-06-13,2025-06-16
2025-06-19 14:00:45 NZST,https://alliancenovatrust.pro/index-2.php,Not Alive,Error,pro,2025-06-13,2025-06-16
2025-06-19 14:00:45 NZST,https://soltcll.net,Not Alive,Error,net,2025-06-11,2025-06-12
2025-06-19 14:00:47 NZST,https://atstradingserviceltd.com,Alive,200,com,2025-06-11,2025-06-12
2025-06-19 14:00:48 NZST,https://atsclient.atstradingserviceltd.com,Alive,200,com,2025-06-11,2025-06-12
2025-06-19 14:00:49 NZST,https://avonequitiesltd.com/,Alive,200,com,2025-06-11,2025-06-12
2025-06-19 14:00:49 NZST,https://promarketspot.com,Alive,200,com,2025-06-10,2025-06-10
2025-06-19 14:00:50 NZST,https://premiumcryptolite.com,Alive,200,com,2025-06-10,2025-06-10
2025-06-19 14:00:51 NZST,https://pinnaclesassetmanagement.com,Not Alive,Error,com,2025-06-10,2025-06-10
2025-06-19 14:00:51 NZST,https://horizonxprexbs.com,Alive,200,com,2025-06-10,2025-06-10
2025-06-19 14:00:52 NZST,https://horizonprofitchasers.com,Alive,200,com,2025-06-10,2025-06-10
2025-06-19 14:00:52 NZST,https://globalproinvestment.com,Alive,200,com,2025-06-10,2025-06-10
2025-06-19 14:00:53 NZST,https://globalapexmarket.com,Status 410,410,com,2025-06-10,2025-06-10
2025-06-19 14:00:54 NZST,https://forbescapitaltrade.com,Alive,200,com,2025-06-10,2025-06-10
2025-06-19 14:00:54 NZST,https://eliteminerproinvestment.com,Alive,200,com,2025-06-10,2025-06-10
2025-06-19 14:00:55 NZST,https://copyvestpro.com,Alive,200,com,2025-06-10,2025-06-10
2025-06-19 14:00:56 NZST,https://coinlog.net,Alive,200,net,2025-06-10,2025-06-10
2025-06-19 14:00:57 NZST,https://certifiedtrade.net,Alive,200,net,2025-06-10,2025-06-10
2025-06-19 14:00:57 NZST,https://astridglobalinvestment.com,Alive,200,com,2025-06-10,2025-06-10
2025-06-19 14:00:58 NZST,https://aspirebitwealth.com,Alive,200,com,2025-06-10,2025-06-10
2025-06-19 14:00:58 NZST,https://apexglobalfxworld.com,Alive,200,com,2025-06-10,2025-06-10
2025-06-19 14:00:59 NZST,https://trade.bitwaveequity.com,Status 403,403,com,2025-06-10,2025-06-10
2025-06-19 14:01:00 NZST,https://bitwaveequity.com,Status 403,403,com,2025-06-10,2025-06-10
2025-06-19 14:01:00 NZST,https://finiwise.com,Not Alive,Error,com,2025-06-05,2025-06-09
2025-06-19 14:01:02 NZST,https://coursados.com,Alive,200,com,2025-06-05,2025-06-09
2025-06-19 14:01:03 NZST,https://superswiss.com,Not Alive,Error,com,2025-05-13,2025-06-04
2025-06-19 14:01:03 NZST,https://zenithfx.co,Not Alive,Error,co,2025-05-13,2025-06-04
2025-06-19 14:01:05 NZST,https://caddingtonlimited.com,Alive,200,com,2025-06-04,2025-06-04
2025-06-19 14:01:06 NZST,https://zavrox.com,Status 403,403,com,2025-05-27,2025-06-03
2025-06-19 14:01:06 NZST,https://arbitervault.com,Status 403,403,com,2025-05-27,2025-06-03
2025-06-19 14:01:07 NZST,https://bitinby.com,Not Alive,Error,com,2025-05-27,2025-06-03
2025-06-19 14:01:08 NZST,https://bitobase.com,Status 403,403,com,2025-05-27,2025-06-03
2025-06-19 14:01:08 NZST,https://cenorim.com,Status 403,403,com,2025-05-27,2025-06-03
2025-06-19 14:01:09 NZST,https://cenvor.com,Status 403,403,com,2025-05-27,2025-06-03
2025-06-19 14:01:09 NZST,https://cepez.com,Status 403,403,com,2025-05-27,2025-06-03
2025-06-19 14:01:10 NZST,https://cevonor.com,Status 403,403,com,2025-05-27,2025-06-03
2025-06-19 14:01:10 NZST,https://cloudxbit.com,Status 403,403,com,2025-05-27,2025-06-03
2025-06-19 14:01:12 NZST,https://clunio.com,Not Alive,Error,com,2025-05-27,2025-06-03
2025-06-19 14:01:12 NZST,https://coinfuse.io,Not Alive,Error,io,2025-05-27,2025-06-03
2025-06-19 14:01:13 NZST,https://colenex.com,Status 403,403,com,2025-05-27,2025-06-03
2025-06-19 14:01:13 NZST,https://comtrex.pro,Not Alive,Error,pro,2025-05-27,2025-06-03
2025-06-19 14:01:14 NZST,https://dexn.cc,Not Alive,Error,cc,2025-05-27,2025-06-03
2025-06-19 14:01:15 NZST,https://eurex-crypto.eu,Status 403,403,eu,2025-05-27,2025-06-03
2025-06-19 14:01:15 NZST,https://genemybit.com,Not Alive,Error,com,2025-05-27,2025-06-03
2025-06-19 14:01:16 NZST,https://jorerx.com,Not Alive,Error,com,2025-05-27,2025-06-03
2025-06-19 14:01:16 NZST,https://kofrex.com,Not Alive,Error,com,2025-05-27,2025-06-03
2025-06-19 14:01:17 NZST,https://lemip.com,Status 403,403,com,2025-05-27,2025-06-03
2025-06-19 14:01:17 NZST,https://menotar.com,Status 403,403,com,2025-05-27,2025-06-03
2025-06-19 14:01:18 NZST,https://neloax.com,Status 403,403,com,2025-05-27,2025-06-03
2025-06-19 14:01:19 NZST,https://nonaf.com,Status 403,403,com,2025-05-27,2025-06-03
2025-06-19 14:01:19 NZST,https://paycommoney.top,Not Alive,Error,top,2025-05-27,2025-06-03
2025-06-19 14:01:20 NZST,https://raeex.com,Status 403,403,com,2025-05-27,2025-06-03
2025-06-19 14:01:20 NZST,https://relutor.com,Status 403,403,com,2025-05-27,2025-06-03
2025-06-19 14:01:21 NZST,https://rexwox.com,Status 403,403,com,2025-05-27,2025-06-03
2025-06-19 14:01:21 NZST,https://socfo.com,Status 403,403,com,2025-05-27,2025-06-03
2025-06-19 14:01:22 NZST,https://spcaex.best,Not Alive,Error,best,2025-05-27,2025-06-03
2025-06-19 14:01:22 NZST,https://vexusbit.com,Status 403,403,com,2025-05-27,2025-06-03
2025-06-19 14:01:23 NZST,https://viaxbit.com,Status 403,403,com,2025-05-27,2025-06-03
2025-06-19 14:01:24 NZST,https://vlunur.com,Not Alive,Error,com,2025-05-27,2025-06-03
2025-06-19 14:01:24 NZST,https://wazanex.com,Status 403,403,com,2025-05-27,2025-06-03
2025-06-19 14:01:25 NZST,https://welamex.com,Status 403,403,com,2025-05-27,2025-06-03
2025-06-19 14:01:25 NZST,https://xanory.com,Status 403,403,com,2025-05-27,2025-06-03
2025-06-19 14:01:26 NZST,https://xprobit.com,Not Alive,Error,com,2025-05-27,2025-06-03
2025-06-19 14:01:27 NZST,https://xraize.com,Not Alive,Error,com,2025-05-27,2025-06-03
2025-06-19 14:01:28 NZST,https://xtapbit.com,Not Alive,Error,com,2025-05-27,2025-06-03
2025-06-19 14:01:28 NZST,https://xvairo.com,Not Alive,Error,com,2025-05-27,2025-06-03
2025-06-19 14:01:29 NZST,https://xzors.com,Status 403,403,com,2025-05-27,2025-06-03
2025-06-19 14:01:30 NZST,https://zmorax.com,Status 403,403,com,2025-05-27,2025-06-03
2025-06-19 14:01:30 NZST,https://wcgdeposits.com,Not Alive,Error,com,2025-05-22,2025-06-03
2025-06-19 14:01:31 NZST,https://wcgdeposits.com/index.php?lang=en,Not Alive,Error,com,2025-05-22,2025-06-03
2025-06-19 14:01:31 NZST,https://wcgeconomic.com,Not Alive,Error,com,2025-05-22,2025-06-03
2025-06-19 14:01:32 NZST,https://wcgeconomic.com/index.php?lang=en,Not Alive,Error,com,2025-05-22,2025-06-03
2025-06-19 14:01:32 NZST,https://verbofx.com,Not Alive,Error,com,2025-05-22,2025-06-03
2025-06-19 14:01:33 NZST,https://user.verbofx.com/member/login/view,Not Alive,Error,com,2025-05-22,2025-06-03
2025-06-19 14:01:33 NZST,https://verbo-fx.com,Not Alive,Error,com,2025-05-22,2025-06-03
2025-06-19 14:01:34 NZST,https://verbo-fx.com/index.php?lang=en,Not Alive,Error,com,2025-05-22,2025-06-03
2025-06-19 14:01:34 NZST,https://verbo-market.com,Not Alive,Error,com,2025-05-22,2025-06-03
2025-06-19 14:01:37 NZST,https://junshengfx.net,Alive,200,net,2025-05-22,2025-06-03
2025-06-19 14:01:39 NZST,https://junshengfx.club,Alive,200,club,2025-05-22,2025-06-03
2025-06-19 14:01:39 NZST,https://faze.capital,Status 403,403,capital,2025-05-16,2025-05-21
2025-06-19 14:01:40 NZST,https://soft-cloudltd.com,Not Alive,Error,com,2025-05-14,2025-05-21
2025-06-19 14:01:41 NZST,https://capitalonlineprofit.com,Not Alive,Error,com,2025-05-05,2025-05-21
2025-06-19 14:01:41 NZST,https://zi-mining.com,Not Alive,Error,com,2025-05-05,2025-05-21
2025-06-19 14:01:42 NZST,https://xemifx-markets.com,Not Alive,Error,com,2025-05-05,2025-05-21
2025-06-19 14:01:42 NZST,https://xc-easyoptions.com,Not Alive,Error,com,2025-05-05,2025-05-21
2025-06-19 14:01:43 NZST,https://vitalfxtrades.com,Not Alive,Error,com,2025-05-05,2025-05-21
2025-06-19 14:01:43 NZST,https://vaststrategytrades.com,Not Alive,Error,com,2025-05-05,2025-05-21
2025-06-19 14:01:44 NZST,https://vasttradenetwork.com,Not Alive,Error,com,2025-05-05,2025-05-21
2025-06-19 14:01:45 NZST,https://uniqueexpfx.info,Not Alive,Error,info,2025-05-05,2025-05-21
2025-06-19 14:01:45 NZST,https://uniquetradenetwork.com,Not Alive,Error,com,2025-05-05,2025-05-21
2025-06-19 14:01:46 NZST,https://turbocryptinvestintl.com,Not Alive,Error,com,2025-05-05,2025-05-21
2025-06-19 14:01:50 NZST,https://tradequext.com,Not Alive,Error,com,2025-05-05,2025-05-21
2025-06-19 14:01:50 NZST,https://tradesfxvista.com,Not Alive,Error,com,2025-05-05,2025-05-21
2025-06-19 14:01:51 NZST,https://tp-tasklimited.com,Alive,200,com,2025-05-05,2025-05-21
2025-06-19 14:01:51 NZST,https://tmfxtrading.com,Not Alive,Error,com,2025-05-05,2025-05-21
2025-06-19 14:01:52 NZST,https://swiftnextrade.com,Status 410,410,com,2025-05-05,2025-05-21
2025-06-19 14:01:53 NZST,https://swiftmavericks.com,Not Alive,Error,com,2025-05-05,2025-05-21
2025-06-19 14:01:53 NZST,https://supabinances.com,Not Alive,Error,com,2025-05-05,2025-05-21
2025-06-19 14:01:54 NZST,https://sucextrade.com,Not Alive,Error,com,2025-05-05,2025-05-21
2025-06-19 14:01:54 NZST,https://sotremfxoption.live,Not Alive,Error,live,2025-05-05,2025-05-21
2025-06-19 14:01:55 NZST,https://safecryptominingfx.net,Not Alive,Error,net,2025-05-05,2025-05-21
2025-06-19 14:01:55 NZST,https://primeoptionsmarket.com,Not Alive,Error,com,2025-05-05,2025-05-21
2025-06-19 14:01:56 NZST,https://oxcoinfxoption.com,Not Alive,Error,com,2025-05-05,2025-05-21
2025-06-19 14:01:57 NZST,https://opensigonline.com,Not Alive,Error,com,2025-05-05,2025-05-21
2025-06-19 14:01:58 NZST,https://nothernsidecapital.com,Not Alive,Error,com,2025-05-05,2025-05-21
2025-06-19 14:01:58 NZST,https://megacoinsindex.com,Alive,200,com,2025-05-05,2025-05-21
2025-06-19 14:01:59 NZST,https://marketfxmovers.com,Not Alive,Error,com,2025-05-05,2025-05-21
2025-06-19 14:01:59 NZST,https://makotopoption.com,Not Alive,Error,com,2025-05-05,2025-05-21
2025-06-19 14:02:02 NZST,https://kdliteoption.com,Not Alive,Error,com,2025-05-05,2025-05-21
2025-06-19 14:02:03 NZST,https://infinite-miners.co.in,Status 410,410,co.in,2025-05-05,2025-05-21
2025-06-19 14:02:04 NZST,https://infinite-miners.co.in,Status 410,410,co.in,2025-05-05,2025-05-21
2025-06-19 14:02:04 NZST,https://globalultimatetrade.com,Not Alive,Error,com,2025-05-05,2025-05-21
2025-06-19 14:02:05 NZST,https://globaltradingnex.com,Not Alive,Error,com,2025-05-05,2025-05-21
2025-06-19 14:02:05 NZST,https://gemitrafxoption.com,Not Alive,Error,com,2025-05-05,2025-05-21
2025-06-19 14:02:06 NZST,https://gananciaoptions.com,Not Alive,Error,com,2025-05-05,2025-05-21
2025-06-19 14:02:06 NZST,https://fxfacebooktrade.net,Not Alive,Error,net,2025-05-05,2025-05-21
2025-06-19 14:02:09 NZST,https://frettrading.com,Alive,200,com,2025-05-05,2025-05-21
2025-06-19 14:02:09 NZST,https://forexfacebooktrading.com,Not Alive,Error,com,2025-05-05,2025-05-21
2025-06-19 14:02:10 NZST,https://forexforgemining.com,Not Alive,Error,com,2025-05-05,2025-05-20
2025-06-19 14:02:10 NZST,https://forexfacebooktrades.com,Not Alive,Error,com,2025-05-05,2025-05-20
2025-06-19 14:02:11 NZST,https://firstworldcrypto.com,Not Alive,Error,com,2025-05-05,2025-05-20
2025-06-19 14:02:11 NZST,https://firstlighttrade.com,Not Alive,Error,com,2025-05-05,2025-05-20
2025-06-19 14:02:12 NZST,https://fastlinkfx.com,Not Alive,Error,com,2025-05-05,2025-05-20
2025-06-19 14:02:12 NZST,https://fastgrowtrade.com,Not Alive,Error,com,2025-05-05,2025-05-20
2025-06-19 14:02:13 NZST,https://facebooklforextrade.com,Not Alive,Error,com,2025-05-05,2025-05-20
2025-06-19 14:02:13 NZST,https://excelprooption.com,Not Alive,Error,com,2025-05-05,2025-05-20
2025-06-19 14:02:14 NZST,https://elitevistaoptions.com,Not Alive,Error,com,2025-05-05,2025-05-20
2025-06-19 14:02:15 NZST,https://elitemaxtrade.com,Not Alive,Error,com,2025-05-05,2025-05-20
2025-06-19 14:02:15 NZST,https://edgeflextrade.com,Not Alive,Error,com,2025-05-05,2025-05-20
2025-06-19 14:02:16 NZST,https://digitaldailyprofit247.com,Not Alive,Error,com,2025-05-05,2025-05-20
2025-06-19 14:02:16 NZST,https://digitalfx.pythonanywhere.com,Alive,200,com,2025-05-05,2025-05-20
2025-06-19 14:02:17 NZST,https://dailytradingoptions.com,Not Alive,Error,com,2025-05-05,2025-05-20
2025-06-19 14:02:18 NZST,https://kryptoworld-fx.com,Alive,200,com,2025-05-05,2025-05-20
2025-06-19 14:02:18 NZST,https://cryptoavaearning.com,Not Alive,Error,com,2025-05-05,2025-05-20
2025-06-19 14:02:19 NZST,https://choicestandoutsyndicate.com,Not Alive,Error,com,2025-05-05,2025-05-20
2025-06-19 14:02:20 NZST,https://capitalonlineprofit.com/home/en/,Not Alive,Error,com,2025-05-05,2025-05-20
2025-06-19 14:02:20 NZST,https://calidchainfinance.com,Not Alive,Error,com,2025-05-05,2025-05-20
2025-06-19 14:02:21 NZST,https://bitprimefxtrading.com,Not Alive,Error,com,2025-05-05,2025-05-20
2025-06-19 14:02:22 NZST,https://coinvaxcapital.com,Alive,200,com,2025-05-05,2025-05-20
2025-06-19 14:02:22 NZST,https://moomooinvestment.com,Alive,200,com,2025-05-05,2025-05-20
2025-06-19 14:02:25 NZST,https://axiomtradings.com,Alive,200,com,2025-05-05,2025-05-20
2025-06-19 14:02:25 NZST,https://assetssphere.com,Not Alive,Error,com,2025-05-05,2025-05-20
2025-06-19 14:02:26 NZST,https://alpalsignals.com,Alive,200,com,2025-05-05,2025-05-20
2025-06-19 14:02:27 NZST,https://aicoremarkets.com,Not Alive,Error,com,2025-05-05,2025-05-20
2025-06-19 14:02:28 NZST,https://advanceprimetrader.com,Not Alive,Error,com,2025-05-05,2025-05-20
2025-06-19 14:02:28 NZST,https://247primesummit.com,Not Alive,Error,com,2025-05-05,2025-05-20
2025-06-19 14:02:29 NZST,https://10xtradingtimeoptionsv3.com,Not Alive,Error,com,2025-05-05,2025-05-20
2025-06-19 14:02:29 NZST,https://harbourassetmgt.org,Alive,200,org,2025-05-19,2025-05-19
2025-06-19 14:02:33 NZST,https://bennetinvestment.com,Alive,200,com,2025-05-13,2025-05-13
2025-06-19 14:02:34 NZST,https://smartfactoryfx.com,Not Alive,Error,com,2025-05-12,2025-05-26
2025-06-19 14:02:35 NZST,https://247-smartfactory.com,Status 403,403,com,2025-05-12,2025-05-26
2025-06-19 14:02:36 NZST,https://homnifi.com,Alive,200,com,2025-05-09,2025-05-13
2025-06-19 14:02:37 NZST,https://b2pay.app,Alive,200,app,2025-05-09,2025-05-13
2025-06-19 14:02:38 NZST,https://shiiro.com,Alive,200,com,2025-05-09,2025-05-13
2025-06-19 14:02:39 NZST,https://xpro.gitbook.io,Alive,200,io,2025-05-09,2025-05-13
2025-06-19 14:02:42 NZST,https://xbackoffice.myxpro.app,Status 500,500,app,2025-05-09,2025-05-13
2025-06-19 14:02:44 NZST,https://capitalsxplus.com,Status 403,403,com,2025-05-06,2025-05-09
2025-06-19 14:02:45 NZST,https://zodiamarkets.vip,Not Alive,Error,vip,2025-02-17,2025-05-09
2025-06-19 14:02:45 NZST,https://ylchat.com,Not Alive,Error,com,2025-02-17,2025-05-09
2025-06-19 14:02:46 NZST,https://aaaxmcfd.com,Not Alive,Error,com,2025-02-17,2025-05-09
2025-06-19 14:02:46 NZST,https://aaaxmglomarkets.com,Not Alive,Error,com,2025-02-17,2025-05-09
2025-06-19 14:02:47 NZST,https://xchar.cc,Not Alive,Error,cc,2025-02-17,2025-05-09
2025-06-19 14:02:52 NZST,https://v3option.com,Not Alive,Error,com,2025-02-17,2025-05-09
2025-06-19 14:02:53 NZST,https://trademx365.com,Not Alive,Error,com,2025-02-17,2025-05-09
2025-06-19 14:02:59 NZST,https://catradeteinc.com,Not Alive,Error,com,2025-02-17,2025-05-09
2025-06-19 14:02:59 NZST,https://trademate.pro,Not Alive,Error,pro,2025-02-17,2025-05-09
2025-06-19 14:03:00 NZST,https://tradematemx.com,Not Alive,Error,com,2025-02-17,2025-05-09
2025-06-19 14:03:00 NZST,https://tpcmetatrader.com,Not Alive,Error,com,2025-02-17,2025-05-09
2025-06-19 14:03:01 NZST,https://tmgmltd.com,Not Alive,Error,com,2025-02-17,2025-05-09
2025-06-19 14:03:01 NZST,https://temaketltd.com,Not Alive,Error,com,2025-02-17,2025-05-09
2025-06-19 14:03:02 NZST,https://tauforex.net,Not Alive,Error,net,2025-02-17,2025-05-09
2025-06-19 14:03:02 NZST,https://tasmaltd.com,Not Alive,Error,com,2025-02-17,2025-05-09
2025-06-19 14:03:03 NZST,https://tasmanltd.com,Not Alive,Error,com,2025-02-17,2025-05-09
2025-06-19 14:03:03 NZST,https://straitsfxvip.com,Not Alive,Error,com,2025-02-17,2025-05-09
2025-06-19 14:03:04 NZST,https://straitsfx.com,Not Alive,Error,com,2025-02-17,2025-05-09
2025-06-19 14:03:05 NZST,https://stockfxmarkets.com,Not Alive,Error,com,2025-02-17,2025-05-09
2025-06-19 14:03:05 NZST,https://pcssgapro.gdcyls.com,Not Alive,Error,com,2025-02-17,2025-05-09
2025-06-19 14:03:06 NZST,https://pcssgapro.glennallan.com,Alive,200,com,2025-02-17,2025-05-09
2025-06-19 14:03:07 NZST,https://sqlqdmarts.com,Not Alive,Error,com,2025-02-17,2025-05-09
2025-06-19 14:03:07 NZST,https://sownotx.com,Not Alive,Error,com,2025-02-17,2025-05-09
2025-06-19 14:03:08 NZST,https://skylineltdfx.com,Not Alive,Error,com,2025-02-17,2025-05-09
2025-06-19 14:03:08 NZST,https://skncoin.com,Not Alive,Error,com,2025-02-17,2025-05-09
2025-06-19 14:03:09 NZST,https://sknfx.net,Not Alive,Error,net,2025-02-17,2025-05-09
2025-06-19 14:03:09 NZST,https://sstraderltd.com,Not Alive,Error,com,2025-02-17,2025-05-09
2025-06-19 14:03:10 NZST,https://ssjtcf-forex.com,Not Alive,Error,com,2025-02-17,2025-05-09
2025-06-19 14:03:10 NZST,https://shtne.vip,Not Alive,Error,vip,2025-02-17,2025-05-09
2025-06-19 14:03:11 NZST,https://ssjtcf-forex.com,Not Alive,Error,com,2025-02-17,2025-05-09
2025-06-19 14:03:12 NZST,https://sedxltd.com,Status 403,403,com,2025-02-17,2025-05-09
2025-06-19 14:03:12 NZST,https://saxoasin.com,Not Alive,Error,com,2025-02-17,2025-05-09
2025-06-19 14:03:13 NZST,https://saxobankasia.com,Not Alive,Error,com,2025-02-17,2025-05-09
2025-06-19 14:03:14 NZST,https://rivergloballtd.com,Alive,200,com,2025-02-17,2025-05-09
2025-06-19 14:03:15 NZST,https://prudentialweb.bizdw.com,Not Alive,Error,com,2025-02-17,2025-05-09
2025-06-19 14:03:15 NZST,https://pepperstonevip.com,Not Alive,Error,com,2025-02-17,2025-05-09
2025-06-19 14:03:16 NZST,https://parrtd.com,Not Alive,Error,com,2025-02-17,2025-05-09
2025-06-19 14:03:17 NZST,https://onewaytex.com,Not Alive,Error,com,2025-02-17,2025-05-09
2025-06-19 14:03:17 NZST,https://xynnyse.com,Not Alive,Error,com,2025-02-17,2025-05-09
2025-06-19 14:03:18 NZST,https://yqanyse.com,Not Alive,Error,com,2025-02-17,2025-05-09
2025-06-19 14:03:18 NZST,https://yqenyse.com,Not Alive,Error,com,2025-02-17,2025-05-09
2025-06-19 14:03:19 NZST,https://novalimited.info,Not Alive,Error,info,2025-02-17,2025-05-09
2025-06-19 14:03:20 NZST,https://newsmarketsltd.com,Status 403,403,com,2025-02-17,2025-05-09
2025-06-19 14:03:20 NZST,https://neonskytd.com,Not Alive,Error,com,2025-02-17,2025-05-09
2025-06-19 14:03:21 NZST,https://neonskyfx.com,Not Alive,Error,com,2025-02-17,2025-05-09
2025-06-19 14:03:21 NZST,https://nasdaqkfx.com,Not Alive,Error,com,2025-02-17,2025-05-09
2025-06-19 14:03:22 NZST,https://mprde.com,Not Alive,Error,com,2025-02-17,2025-05-09
2025-06-19 14:03:23 NZST,https://mancuifcnet.com,Not Alive,Error,com,2025-02-17,2025-05-09
2025-06-19 14:03:23 NZST,https://madcuifcgroup.com,Not Alive,Error,com,2025-02-17,2025-05-09
2025-06-19 14:03:24 NZST,https://lszxy-fx.com,Not Alive,Error,com,2025-02-17,2025-05-09
2025-06-19 14:03:24 NZST,https://lamboxfx.cc,Not Alive,Error,cc,2025-02-17,2025-05-09
2025-06-19 14:03:25 NZST,https://libertyfxltd.com,Not Alive,Error,com,2025-02-17,2025-05-09
2025-06-19 14:03:25 NZST,https://lesenmaks.cc,Not Alive,Error,cc,2025-02-17,2025-05-09
2025-06-19 14:03:26 NZST,https://kyros.vip,Not Alive,Error,vip,2025-02-17,2025-05-09
2025-06-19 14:03:26 NZST,https://kmaicc.vip,Not Alive,Error,vip,2025-02-17,2025-05-09
2025-06-19 14:03:27 NZST,https://kmaicc.xyz,Not Alive,Error,xyz,2025-02-17,2025-05-09
2025-06-19 14:03:27 NZST,https://mt5pro.vip,Not Alive,Error,vip,2025-02-17,2025-05-09
2025-06-19 14:03:28 NZST,https://kkrrh.com,Not Alive,Error,com,2025-02-17,2025-05-09
2025-06-19 14:03:28 NZST,https://kcmtradeint.com,Not Alive,Error,com,2025-02-17,2025-05-09
2025-06-19 14:03:29 NZST,https://kcmtradeint.com,Not Alive,Error,com,2025-02-17,2025-05-09
2025-06-19 14:03:29 NZST,https://jhmfxltd.com,Not Alive,Error,com,2025-02-17,2025-05-09
2025-06-19 14:03:30 NZST,https://ivisiontrade.com,Not Alive,Error,com,2025-02-17,2025-05-09
2025-06-19 14:03:30 NZST,https://iuxmarketsfx.com,Not Alive,Error,com,2025-02-17,2025-05-09
2025-06-19 14:03:32 NZST,https://intraglobalfx.com,Not Alive,Error,com,2025-02-17,2025-05-09
2025-06-19 14:03:32 NZST,https://igmarketsfx.com,Not Alive,Error,com,2025-02-17,2025-05-09
2025-06-19 14:03:33 NZST,https://ibtpglobal.com,Not Alive,Error,com,2025-02-17,2025-05-09
2025-06-19 14:03:33 NZST,https://hxqna.com,Not Alive,Error,com,2025-02-17,2025-05-09
2025-06-19 14:03:34 NZST,https://hut8ltd.com,Not Alive,Error,com,2025-02-17,2025-05-09
2025-06-19 14:03:34 NZST,https://marketsintervip.com,Not Alive,Error,com,2025-02-17,2025-05-09
2025-06-19 14:03:35 NZST,https://marketsinter.com,Not Alive,Error,com,2025-02-17,2025-05-09
2025-06-19 14:03:35 NZST,https://gray-thy.com,Not Alive,Error,com,2025-02-17,2025-05-09
2025-06-19 14:03:36 NZST,https://gmimarkets.vip,Status 410,410,vip,2025-02-17,2025-05-09
2025-06-19 14:03:36 NZST,https://gftradese.com,Not Alive,Error,com,2025-02-17,2025-05-09
2025-06-19 14:03:37 NZST,https://gffxx-ff6.com,Not Alive,Error,com,2025-02-17,2025-05-09
2025-06-19 14:03:37 NZST,http://webmail.gffxx.com,Not Alive,Error,com,2025-02-17,2025-05-09
2025-06-19 14:03:38 NZST,https://fuwaltd.com,Not Alive,Error,com,2025-02-17,2025-05-09
2025-06-19 14:03:39 NZST,https://fuwafx.com,Not Alive,Error,com,2025-02-17,2025-05-09
2025-06-19 14:03:39 NZST,https://funding-mx.com,Not Alive,Error,com,2025-02-17,2025-05-09
2025-06-19 14:03:40 NZST,https://fogoforex.com,Not Alive,Error,com,2025-02-17,2025-05-09
2025-06-19 14:03:40 NZST,https://foboxglobal.com,Status 403,403,com,2025-02-17,2025-05-09
2025-06-19 14:03:41 NZST,https://firephoenixex.com,Not Alive,Error,com,2025-02-17,2025-05-09
2025-06-19 14:03:41 NZST,https://firephoenixig.com,Not Alive,Error,com,2025-02-17,2025-05-09
2025-06-19 14:03:42 NZST,https://firephoenixin.com,Not Alive,Error,com,2025-02-17,2025-05-09
2025-06-19 14:03:42 NZST,https://firephoenixit.com,Not Alive,Error,com,2025-02-17,2025-05-09
2025-06-19 14:03:43 NZST,https://metatrade5il.com,Not Alive,Error,com,2025-02-17,2025-05-09
2025-06-19 14:03:43 NZST,https://metatrade5it.com,Not Alive,Error,com,2025-02-17,2025-05-09
2025-06-19 14:03:44 NZST,https://metatrade5pro.com,Not Alive,Error,com,2025-02-17,2025-05-09
2025-06-19 14:03:44 NZST,https://fdglobalmarket.com,Not Alive,Error,com,2025-02-17,2025-05-09
2025-06-19 14:03:45 NZST,https://fcaageafin.com,Not Alive,Error,com,2025-02-17,2025-05-09
2025-06-19 14:03:45 NZST,https://fbssltd.com,Not Alive,Error,com,2025-02-17,2025-05-09
2025-06-19 14:03:47 NZST,https://exclusivegoldfx.com,Status 403,403,com,2025-02-17,2025-05-09
2025-06-19 14:03:47 NZST,https://buxmarketstd.com,Not Alive,Error,com,2025-02-17,2025-05-09
2025-06-19 14:03:48 NZST,https://eibcfinancldif.icu,Not Alive,Error,icu,2025-02-17,2025-05-09
2025-06-19 14:03:48 NZST,https://wwwdxi.botaifrp.com,Not Alive,Error,com,2025-02-17,2025-05-09
2025-06-19 14:03:49 NZST,https://dtxmaiketx.cc,Not Alive,Error,cc,2025-02-17,2025-05-09
2025-06-19 14:03:49 NZST,https://dtx-markets.com,Not Alive,Error,com,2025-02-17,2025-05-09
2025-06-19 14:03:50 NZST,https://dml-markets.com,Not Alive,Error,com,2025-02-17,2025-05-09
2025-06-19 14:03:50 NZST,https://dkglob.com,Not Alive,Error,com,2025-02-17,2025-05-09
2025-06-19 14:03:51 NZST,https://deoasis.net,Not Alive,Error,net,2025-02-17,2025-05-09
2025-06-19 14:03:52 NZST,https://pecodefx.com,Not Alive,Error,com,2025-02-17,2025-05-09
2025-06-19 14:03:52 NZST,https://dcmmarkets.com,Not Alive,Error,com,2025-02-17,2025-05-09
2025-06-19 14:03:53 NZST,https://dbgmarkentskinlhdsb.com,Not Alive,Error,com,2025-02-17,2025-05-09
2025-06-19 14:03:53 NZST,https://dbgmarkentskinlted.com,Not Alive,Error,com,2025-02-17,2025-05-09
2025-06-19 14:03:54 NZST,https://cxmtra.com,Not Alive,Error,com,2025-02-17,2025-05-09
2025-06-19 14:03:54 NZST,https://comcvip.com,Not Alive,Error,com,2025-02-17,2025-05-09
2025-06-19 14:03:55 NZST,https://comcfx.com,Not Alive,Error,com,2025-02-17,2025-05-09
2025-06-19 14:03:55 NZST,https://comeafx.com,Not Alive,Error,com,2025-02-17,2025-05-09
2025-06-19 14:03:56 NZST,https://cometa-global.com,Not Alive,Error,com,2025-02-17,2025-05-09
2025-06-19 14:03:56 NZST,https://catalystgroupstar.com,Not Alive,Error,com,2025-02-17,2025-05-09
2025-06-19 14:03:57 NZST,https://capitalmanager.link,Not Alive,Error,link,2025-02-17,2025-05-09
2025-06-19 14:03:57 NZST,https://capitalmanager.net,Not Alive,Error,net,2025-02-17,2025-05-09
2025-06-19 14:03:58 NZST,https://tradercgomarkets.com,Not Alive,Error,com,2025-02-17,2025-05-09
2025-06-19 14:03:59 NZST,https://tradercgmarkets.com,Not Alive,Error,com,2025-02-17,2025-05-09
2025-06-19 14:03:59 NZST,https://btgrdo.com,Not Alive,Error,com,2025-02-17,2025-05-09
2025-06-19 14:04:00 NZST,https://branctrade.com,Not Alive,Error,com,2025-02-17,2025-05-09
2025-06-19 14:04:00 NZST,https://bscapm.com,Status 404,404,com,2025-02-17,2025-05-09
2025-06-19 14:04:01 NZST,https://branch-forex.com,Alive,200,com,2025-02-17,2025-05-09
2025-06-19 14:04:02 NZST,https://branch-fx-one.com,Not Alive,Error,com,2025-02-17,2025-05-09
2025-06-19 14:04:03 NZST,https://boloniltd.com,Alive,200,com,2025-02-17,2025-05-09
2025-06-19 14:04:04 NZST,https://blueberry-global.com,Status 403,403,com,2025-02-17,2025-05-09
2025-06-19 14:04:04 NZST,https://blkinternationalltd.com,Not Alive,Error,com,2025-02-17,2025-05-09
2025-06-19 14:04:05 NZST,https://blgpro.com,Not Alive,Error,com,2025-02-17,2025-05-09
2025-06-19 14:04:06 NZST,https://blackbullfxltd.com,Status 403,403,com,2025-02-17,2025-05-09
2025-06-19 14:04:07 NZST,https://blackbullfxltd.com,Status 403,403,com,2025-02-17,2025-05-09
2025-06-19 14:04:07 NZST,https://bitpieexc.com,Not Alive,Error,com,2025-02-17,2025-05-09
2025-06-19 14:04:08 NZST,https://gf.bitceco.com,Not Alive,Error,com,2025-02-17,2025-05-09
2025-06-19 14:04:09 NZST,https://bitcecoin.com,Not Alive,Error,com,2025-02-17,2025-05-09
2025-06-19 14:04:09 NZST,https://baazexdx.com,Not Alive,Error,com,2025-02-17,2025-05-09
2025-06-19 14:04:10 NZST,https://baazexfx.com,Not Alive,Error,com,2025-02-17,2025-05-09
2025-06-19 14:04:10 NZST,https://ausglobalforex.com,Not Alive,Error,com,2025-02-17,2025-05-09
2025-06-19 14:04:11 NZST,https://atfxgoldsvip.com,Not Alive,Error,com,2025-02-17,2025-05-09
2025-06-19 14:04:11 NZST,https://atfxgoldvip.cc,Not Alive,Error,cc,2025-02-17,2025-05-09
2025-06-19 14:04:12 NZST,https://aslasll.com,Not Alive,Error,com,2025-02-17,2025-05-09
2025-06-19 14:04:12 NZST,https://apexfxent.com,Not Alive,Error,com,2025-02-17,2025-05-09
2025-06-19 14:04:13 NZST,https://ancetdfx.com,Not Alive,Error,com,2025-02-17,2025-05-09
2025-06-19 14:04:13 NZST,https://ancetd.com,Not Alive,Error,com,2025-02-17,2025-05-09
2025-06-19 14:04:14 NZST,https://fproalizan.com,Not Alive,Error,com,2025-02-17,2025-05-09
2025-06-19 14:04:15 NZST,https://aeestgroup.com,Status 403,403,com,2025-02-17,2025-05-09
2025-06-19 14:04:20 NZST,https://fxpioneet.com,Not Alive,Error,com,2025-02-17,2025-05-09
2025-06-19 14:04:21 NZST,https://gaitameonlinefx.com,Alive,200,com,2025-02-17,2025-05-09
2025-06-19 14:04:22 NZST,https://247markettrade.com,Not Alive,Error,com,2025-02-17,2025-05-09
2025-06-19 14:04:23 NZST,https://www.gbtcmarkets.com,Alive,200,com,2025-04-30,2025-05-02
2025-06-19 14:04:24 NZST,https://lquid.finance,Not Alive,Error,finance,2025-05-02,2025-05-02
2025-06-19 14:04:24 NZST,https://capitalxtrade.com,Not Alive,Error,com,2025-04-23,2025-05-02
2025-06-19 14:04:25 NZST,https://coyken.com,Not Alive,Error,com,2025-04-23,2025-05-02
2025-06-19 14:04:26 NZST,https://peachlimit.com,Alive,200,com,2025-04-23,2025-05-02
2025-06-19 14:04:27 NZST,https://www.opuscoin.com,Alive,200,com,2025-04-29,2025-05-02
2025-06-19 14:04:27 NZST,https://www.bib-btc.com,Not Alive,Error,com,2024-11-22,2025-05-02
2025-06-19 14:04:33 NZST,https://www.alpha-eths.com,Not Alive,Error,com,2024-11-22,2025-05-02
2025-06-19 14:04:38 NZST,https://www.alphas-eths.com,Not Alive,Error,com,2024-11-22,2025-05-02
2025-06-19 14:04:44 NZST,https://www.alppha-eth.com,Not Alive,Error,com,2024-11-22,2025-05-02
2025-06-19 14:04:44 NZST,https://www.appes-online.com,Not Alive,Error,com,2024-11-22,2025-05-02
2025-06-19 14:04:45 NZST,https://www.copperint.top,Not Alive,Error,top,2024-11-22,2025-05-02
2025-06-19 14:04:45 NZST,https://www.ic-market.co,Not Alive,Error,co,2024-11-22,2025-05-02
2025-06-19 14:04:46 NZST,https://www.icint24.com,Not Alive,Error,com,2024-11-22,2025-05-02
2025-06-19 14:04:47 NZST,https://www.icintapp.com,Not Alive,Error,com,2024-11-22,2025-05-02
2025-06-19 14:04:47 NZST,https://www.icmarketglobalpro.com,Not Alive,Error,com,2024-11-22,2025-05-02
2025-06-19 14:04:48 NZST,https://www.kcex-btc.com,Not Alive,Error,com,2024-11-22,2025-05-02
2025-06-19 14:04:48 NZST,https://www.thecopperint.com,Not Alive,Error,com,2024-11-22,2025-05-02
2025-06-19 14:04:49 NZST,https://www.whallefin-btc.com,Alive,200,com,2024-11-22,2025-05-02
2025-06-19 14:04:50 NZST,https://www.eth-alpha.com/;,Not Alive,Error,com,2024-11-05,2025-05-02
2025-06-19 14:04:50 NZST,https://www.allpha-btc.com,Not Alive,Error,com,2024-11-05,2025-05-02
2025-06-19 14:04:51 NZST,https://www.allpha-eth.com,Not Alive,Error,com,2024-11-05,2025-05-02
2025-06-19 14:04:51 NZST,https://www.profitcs.net,Not Alive,Error,net,2024-08-07,2025-05-02
2025-06-19 14:04:52 NZST,https://dynamic-arb.vip;,Not Alive,Error,,2024-08-07,2025-05-02
2025-06-19 14:04:52 NZST,https://www.ptounxd.com/;,Status 403,403,com,2024-08-07,2025-05-02
2025-06-19 14:04:53 NZST,https://ptounz.com/#/;,Not Alive,Error,com,2024-08-07,2025-05-02
2025-06-19 14:04:53 NZST,https://www.ptounxd.com/;,Status 403,403,com,2024-08-07,2025-05-02
2025-06-19 14:04:54 NZST,https://www.ptounxxm.com/;,Not Alive,Error,com,2024-08-07,2025-05-02
2025-06-19 14:04:55 NZST,https://optcoin.lol,Not Alive,Error,lol,2025-04-17,2025-05-02
2025-06-19 14:04:55 NZST,https://optcoin.com,Not Alive,Error,com,2025-04-17,2025-05-02
2025-06-19 14:04:56 NZST,https://optcoin.pro,Alive,200,pro,2025-04-17,2025-05-02
2025-06-19 14:04:56 NZST,https://optcoin1.com,Not Alive,Error,com,2025-04-17,2025-05-02
2025-06-19 14:04:57 NZST,https://optcoin12.com,Not Alive,Error,com,2025-04-17,2025-05-02
2025-06-19 14:04:57 NZST,https://optcoin13.com,Not Alive,Error,com,2025-04-17,2025-05-02
2025-06-19 14:04:58 NZST,https://optcoin15.com,Not Alive,Error,com,2025-04-17,2025-05-02
2025-06-19 14:04:58 NZST,https://optcoin2.com,Not Alive,Error,com,2025-04-17,2025-05-02
2025-06-19 14:04:59 NZST,https://optcoin21.com,Not Alive,Error,com,2025-04-17,2025-05-02
2025-06-19 14:04:59 NZST,https://optcoin22.com,Not Alive,Error,com,2025-04-17,2025-05-02
2025-06-19 14:05:00 NZST,https://optcoin23.com,Not Alive,Error,com,2025-04-17,2025-05-02
2025-06-19 14:05:01 NZST,https://optcoin25.com,Not Alive,Error,com,2025-04-17,2025-05-02
2025-06-19 14:05:01 NZST,https://optcoin36.com,Not Alive,Error,com,2025-04-17,2025-05-02
2025-06-19 14:05:02 NZST,https://optcoin4.com,Not Alive,Error,com,2025-04-17,2025-05-02
2025-06-19 14:05:02 NZST,https://optcoin5.com,Not Alive,Error,com,2025-04-17,2025-05-02
2025-06-19 14:05:03 NZST,https://optcoin51.com,Not Alive,Error,com,2025-04-17,2025-05-02
2025-06-19 14:05:03 NZST,https://optcoin53.com,Not Alive,Error,com,2025-04-17,2025-05-02
2025-06-19 14:05:04 NZST,https://optcoin54.com,Not Alive,Error,com,2025-04-17,2025-05-02
2025-06-19 14:05:04 NZST,https://optcoin55.com,Not Alive,Error,com,2025-04-17,2025-05-02
2025-06-19 14:05:05 NZST,https://optcoin56.com,Not Alive,Error,com,2025-04-17,2025-05-02
2025-06-19 14:05:05 NZST,https://optcoin61.com,Not Alive,Error,com,2025-04-17,2025-05-02
2025-06-19 14:05:06 NZST,https://optcoin63.com,Not Alive,Error,com,2025-04-17,2025-05-02
2025-06-19 14:05:06 NZST,https://optcoin64.com,Not Alive,Error,com,2025-04-17,2025-05-02
2025-06-19 14:05:07 NZST,https://optcoin65.com,Not Alive,Error,com,2025-04-17,2025-05-02
2025-06-19 14:05:07 NZST,https://optcoin8.com,Not Alive,Error,com,2025-04-17,2025-05-02
2025-06-19 14:05:08 NZST,https://optcoin9.com,Not Alive,Error,com,2025-04-17,2025-05-02
2025-06-19 14:05:09 NZST,https://optcoinap.com,Not Alive,Error,com,2025-04-17,2025-05-02
2025-06-19 14:05:09 NZST,https://optcoinwk.com,Not Alive,Error,com,2025-04-17,2025-05-02
2025-06-19 14:05:10 NZST,https://optcoinwp.com,Not Alive,Error,com,2025-04-17,2025-05-02
2025-06-19 14:05:10 NZST,https://zeeltrade.com,Status 500,500,com,2025-04-16,2025-05-02
2025-06-19 14:05:11 NZST,https://zealvest.com,Status 410,410,com,2025-04-16,2025-05-02
2025-06-19 14:05:11 NZST,https://xrocecapital.com,Not Alive,Error,com,2025-04-16,2025-05-02
2025-06-19 14:05:12 NZST,https://xplorefxtrading.com,Not Alive,Error,com,2025-04-16,2025-05-02
2025-06-19 14:05:12 NZST,https://xcointrader.com,Not Alive,Error,com,2025-04-16,2025-05-02
2025-06-19 14:05:13 NZST,https://wisecryptoinvestor.com,Not Alive,Error,com,2025-04-16,2025-05-02
2025-06-19 14:05:14 NZST,https://whales-asset.com,Alive,200,com,2025-04-16,2025-05-02
2025-06-19 14:05:14 NZST,https://welfareconomics.net,Not Alive,Error,net,2025-04-16,2025-05-02
2025-06-19 14:05:15 NZST,https://vista-portfolio.com,Not Alive,Error,com,2025-04-16,2025-05-02
2025-06-19 14:05:20 NZST,https://vestprimefx.com,Not Alive,Error,com,2025-04-16,2025-05-02
2025-06-19 14:05:20 NZST,https://vertexcapitalpro.com,Alive,200,com,2025-04-16,2025-05-02
2025-06-19 14:05:21 NZST,https://ultratopultimate.com,Not Alive,Error,com,2025-04-16,2025-05-02
2025-06-19 14:05:22 NZST,https://ultraspringkoin.com,Not Alive,Error,com,2025-04-16,2025-05-02
2025-06-19 14:05:22 NZST,https://ultimate-fund.ltd,Not Alive,Error,ltd,2025-04-16,2025-05-02
2025-06-19 14:05:23 NZST,https://truxmarkettrade.com,Not Alive,Error,com,2025-04-16,2025-05-02
2025-06-19 14:05:23 NZST,https://trustinveztment.com,Not Alive,Error,com,2025-04-16,2025-05-02
2025-06-19 14:05:24 NZST,https://trustfxtrde.com,Not Alive,Error,com,2025-04-16,2025-05-02
2025-06-19 14:05:24 NZST,https://tradingwithstockmarketprofit.com,Not Alive,Error,com,2025-04-16,2025-05-02
2025-06-19 14:05:25 NZST,https://networkchoicelab.com,Not Alive,Error,com,2025-04-16,2025-05-02
2025-06-19 14:05:25 NZST,https://tradefxlive.com,Not Alive,Error,com,2025-04-16,2025-05-02
2025-06-19 14:05:26 NZST,https://tradefxcapital.online,Not Alive,Error,online,2025-04-16,2025-05-02
2025-06-19 14:05:26 NZST,https://topwealthfx.com,Alive,200,com,2025-04-16,2025-05-02
2025-06-19 14:05:27 NZST,https://teslenergy.com,Not Alive,Error,com,2025-04-16,2025-05-02
2025-06-19 14:05:30 NZST,https://swiftcryptooptionstrade.com,Not Alive,Error,com,2025-04-16,2025-05-02
2025-06-19 14:05:30 NZST,https://swapultratrade.com,Not Alive,Error,com,2025-04-16,2025-05-02
2025-06-19 14:05:31 NZST,https://successfulexperttrade.com,Not Alive,Error,com,2025-04-16,2025-05-02
2025-06-19 14:05:31 NZST,https://stockfxcapitals.org,Not Alive,Error,org,2025-04-16,2025-05-02
2025-06-19 14:05:32 NZST,https://stockultimatepro.com,Not Alive,Error,com,2025-04-16,2025-05-02
2025-06-19 14:05:32 NZST,https://stockcomproperties.online,Not Alive,Error,online,2025-04-16,2025-05-02
2025-06-19 14:05:33 NZST,https://stellargateinvest.com,Not Alive,Error,com,2025-04-16,2025-05-02
2025-06-19 14:05:34 NZST,https://mystakehomecrypto.com,Alive,200,com,2025-04-16,2025-05-02
2025-06-19 14:05:34 NZST,https://speedtonxhub.com,Not Alive,Error,com,2025-04-16,2025-05-02
2025-06-19 14:05:35 NZST,https://specetechfx.pro,Not Alive,Error,pro,2025-04-16,2025-05-02
2025-06-19 14:05:38 NZST,https://smartrealisticinv.com,Alive,200,com,2025-04-16,2025-05-02
2025-06-19 14:05:38 NZST,https://smartpremiertrade.com,Alive,200,com,2025-04-16,2025-05-02
2025-06-19 14:05:39 NZST,https://smartoptionsinvestment.com,Not Alive,Error,com,2025-04-16,2025-05-02
2025-06-19 14:05:40 NZST,https://siritechlimited.com,Not Alive,Error,com,2025-04-16,2025-05-02
2025-06-19 14:05:40 NZST,https://royallitehub.com,Not Alive,Error,com,2025-04-16,2025-05-02
2025-06-19 14:05:41 NZST,https://relybetterinvestment.com,Not Alive,Error,com,2025-04-16,2025-05-02
2025-06-19 14:05:41 NZST,https://resprofvents.com,Not Alive,Error,com,2025-04-16,2025-05-02
2025-06-19 14:05:42 NZST,https://ranatradeportfolio.online,Not Alive,Error,online,2025-04-16,2025-05-02
2025-06-19 14:05:42 NZST,https://prontvault.com,Not Alive,Error,com,2025-04-16,2025-05-02
2025-06-19 14:05:43 NZST,https://profitzoneinvestment.live,Not Alive,Error,live,2025-04-16,2025-05-02
2025-06-19 14:05:43 NZST,https://profitabletrustmining.com,Not Alive,Error,com,2025-04-16,2025-05-02
2025-06-19 14:05:47 NZST,https://propluxvest.com,Not Alive,Error,com,2025-04-16,2025-05-02
2025-06-19 14:05:48 NZST,https://primehubsassets.com,Not Alive,Error,com,2025-04-16,2025-05-02
2025-06-19 14:05:48 NZST,https://primeinveztment.com,Not Alive,Error,com,2025-04-16,2025-05-02
2025-06-19 14:05:49 NZST,https://preminentgoals.com,Not Alive,Error,com,2025-04-16,2025-05-02
2025-06-19 14:05:49 NZST,https://pinnaclevestltd.com,Not Alive,Error,com,2025-04-16,2025-05-02
2025-06-19 14:05:50 NZST,https://peaktradepro.com,Not Alive,Error,com,2025-04-16,2025-05-02
2025-06-19 14:05:50 NZST,https://patroncoinfx.com,Not Alive,Error,com,2025-04-16,2025-05-02
2025-06-19 14:05:51 NZST,https://optimatrust-fx.com,Not Alive,Error,com,2025-04-16,2025-05-02
2025-06-19 14:05:52 NZST,https://novaloption.com,Not Alive,Error,com,2025-04-16,2025-04-28
2025-06-19 14:05:52 NZST,https://v-king7.dynu.com,Not Alive,Error,com,2025-04-16,2025-04-28
2025-06-19 14:05:53 NZST,https://nexuscrestltd.com,Not Alive,Error,com,2025-04-16,2025-04-28
2025-06-19 14:05:53 NZST,https://nexasassets.com,Not Alive,Error,com,2025-04-16,2025-04-28
2025-06-19 14:05:54 NZST,https://nexaassetsmkt.com,Not Alive,Error,com,2025-04-16,2025-04-28
2025-06-19 14:05:55 NZST,https://mpkonlinetrading.com,Not Alive,Error,com,2025-04-16,2025-04-28
2025-06-19 14:05:55 NZST,https://menfxtprotrades.com,Not Alive,Error,com,2025-04-16,2025-04-28
2025-06-19 14:05:56 NZST,https://megaassetsltd.com,Not Alive,Error,com,2025-04-16,2025-04-28
2025-06-19 14:05:56 NZST,https://maxcoinoptions.com,Not Alive,Error,com,2025-04-16,2025-04-28
2025-06-19 14:05:57 NZST,https://mastertradershub.com,Alive,200,com,2025-04-16,2025-04-28
2025-06-19 14:05:57 NZST,https://marstechlimited.com,Not Alive,Error,com,2025-04-16,2025-04-28
2025-06-19 14:05:58 NZST,https://marketmonkx.com,Not Alive,Error,com,2025-04-16,2025-04-28
2025-06-19 14:05:59 NZST,https://lumnex.co,Not Alive,Error,co,2025-04-16,2025-04-28
2025-06-19 14:05:59 NZST,https://littrademarket.com,Not Alive,Error,com,,2025-04-28
2025-06-19 14:06:00 NZST,https://lexaprime.com,Not Alive,Error,com,2025-04-16,2025-04-28
2025-06-19 14:06:00 NZST,https://legalfxt24.com,Not Alive,Error,com,2025-04-16,2025-04-28
2025-06-19 14:06:06 NZST,https://leadsinsuredtrades.com,Not Alive,Error,com,2025-04-16,2025-04-28
2025-06-19 14:06:08 NZST,https://kapitlitellc.com,Not Alive,Error,com,2025-04-16,2025-04-28
2025-06-19 14:06:09 NZST,https://janamoniee.ltd,Not Alive,Error,ltd,2025-04-16,2025-04-28
2025-06-19 14:06:10 NZST,https://interlitesorverxts.com,Alive,200,com,,2025-04-28
2025-06-19 14:06:11 NZST,https://igeniusglobaltrades.com,Not Alive,Error,com,2025-04-16,2025-04-28
2025-06-19 14:06:11 NZST,https://horizonxtrades.com,Not Alive,Error,com,2025-04-16,2025-04-28
2025-06-19 14:06:12 NZST,https://hedgecaplimited.com,Not Alive,Error,com,2025-04-16,2025-04-28
2025-06-19 14:06:12 NZST,https://hashprimegold.com,Not Alive,Error,com,2025-04-16,2025-04-28
2025-06-19 14:06:13 NZST,https://hamstechllc.com,Not Alive,Error,com,2025-04-16,2025-04-28
2025-06-19 14:06:13 NZST,https://halinxinvest.com,Not Alive,Error,com,2025-04-16,2025-04-28
2025-06-19 14:06:14 NZST,https://growthtopultimate.com,Not Alive,Error,com,2025-04-16,2025-04-28
2025-06-19 14:06:15 NZST,https://growthaccessltd.com,Status 404,404,com,2025-04-16,2025-04-28
2025-06-19 14:06:15 NZST,https://globalforextradingprofit.com,Not Alive,Error,com,,2025-04-28
2025-06-19 14:06:16 NZST,https://globalbestminingtrades.com,Not Alive,Error,com,2025-04-16,2025-04-28
2025-06-19 14:06:16 NZST,https://globalminingfxtrades.com,Not Alive,Error,com,2025-04-16,2025-04-28
2025-06-19 14:06:17 NZST,https://globalcoinfxt.one,Not Alive,Error,one,,2025-04-28
2025-06-19 14:06:17 NZST,https://fxicoin.com,Not Alive,Error,com,2025-04-16,2025-04-28
2025-06-19 14:06:18 NZST,https://futureindexpro.net,Not Alive,Error,net,2025-04-16,2025-04-28
2025-06-19 14:06:18 NZST,https://funds-xmincome.ltd,Not Alive,Error,ltd,2025-04-16,2025-04-28
2025-06-19 14:06:19 NZST,https://fpictrades.com,Not Alive,Error,com,2025-04-16,2025-04-28
2025-06-19 14:06:20 NZST,https://fondexeasymarket.com,Alive,200,com,2025-04-16,2025-04-28
2025-06-19 14:06:20 NZST,https://firstpacehub.com,Not Alive,Error,com,2025-04-16,2025-04-28
2025-06-19 14:06:21 NZST,https://firstoopstock.com,Not Alive,Error,com,2025-04-16,2025-04-28
2025-06-19 14:06:21 NZST,https://fidscharting.com,Not Alive,Error,com,2025-04-16,2025-04-28
2025-06-19 14:06:22 NZST,https://fastchipsminerstrade.com,Not Alive,Error,com,2025-04-16,2025-04-28
2025-06-19 14:06:22 NZST,https://etherealelites.com,Not Alive,Error,com,2025-04-16,2025-04-28
2025-06-19 14:06:23 NZST,https://entitywave.com,Not Alive,Error,com,2025-04-16,2025-04-28
2025-06-19 14:06:23 NZST,https://elitepooltrade.com,Not Alive,Error,com,2025-04-16,2025-04-28
2025-06-19 14:06:24 NZST,https://elitelinellb.com,Not Alive,Error,com,2025-04-16,2025-04-28
2025-06-19 14:06:24 NZST,https://eliteassetltd.com,Not Alive,Error,com,2025-04-16,2025-04-28
2025-06-19 14:06:25 NZST,https://dynamicpulsetrade.com,Alive,200,com,2025-04-16,2025-04-28
2025-06-19 14:06:26 NZST,https://dominoinvestment.com,Not Alive,Error,com,2025-04-16,2025-04-28
2025-06-19 14:06:26 NZST,https://diverswealth.com,Not Alive,Error,com,2025-04-16,2025-04-28
2025-06-19 14:06:27 NZST,https://dittrademarket.com,Not Alive,Error,com,2025-04-16,2025-04-28
2025-06-19 14:06:27 NZST,https://digitalfxtpro.com,Not Alive,Error,com,2025-04-16,2025-04-28
2025-06-19 14:06:28 NZST,https://digitalaccessbitinv.com,Not Alive,Error,com,2025-04-16,2025-04-28
2025-06-19 14:06:28 NZST,https://dexertonfinancial.org,Not Alive,Error,org,2025-04-16,2025-04-28
2025-06-19 14:06:29 NZST,https://dc-statestreet.com,Not Alive,Error,com,2025-04-16,2025-04-28
2025-06-19 14:06:30 NZST,https://cryptoinvestospage.vercel.app,Alive,200,app,2025-04-16,2025-04-28
2025-06-19 14:06:35 NZST,https://cryptotexe.com,Not Alive,Error,com,2025-04-16,2025-04-28
2025-06-19 14:06:36 NZST,https://crypto-tradinghood.com,Not Alive,Error,com,2025-04-16,2025-04-28
2025-06-19 14:06:38 NZST,https://cryptocoastinvestmentsltd.com,Alive,200,com,2025-04-16,2025-04-28
2025-06-19 14:06:39 NZST,https://crypbasltd.online,Not Alive,Error,online,2025-04-16,2025-04-28
2025-06-19 14:06:39 NZST,https://copytrqdingworld.com,Not Alive,Error,com,2025-04-16,2025-04-28
2025-06-19 14:06:40 NZST,https://continentinvt.com,Not Alive,Error,com,2025-04-16,2025-04-28
2025-06-19 14:06:40 NZST,https://commudityexchanger.online,Not Alive,Error,online,2025-04-16,2025-04-28
2025-06-19 14:06:41 NZST,https://citiforexgoal.com,Not Alive,Error,com,2025-04-16,2025-04-28
2025-06-19 14:06:41 NZST,https://chrontechltd.com,Not Alive,Error,com,2025-04-16,2025-04-25
2025-06-19 14:06:42 NZST,https://cherrytradingops.com,Not Alive,Error,com,2025-04-16,2025-04-25
2025-06-19 14:06:42 NZST,https://chartmainoptions.com,Not Alive,Error,com,2025-04-16,2025-04-25
2025-06-19 14:06:43 NZST,https://certifiedgrowthpro.com,Not Alive,Error,com,2025-04-16,2025-04-25
2025-06-19 14:06:43 NZST,https://centralcapitalfx.com,Not Alive,Error,com,,2025-04-25
2025-06-19 14:06:44 NZST,https://celxtrade.com,Not Alive,Error,com,2025-04-16,2025-04-25
2025-06-19 14:06:44 NZST,https://castlemarkfx.com,Not Alive,Error,com,2025-04-16,2025-04-25
2025-06-19 14:06:45 NZST,https://capitalwave-exchange.online,Not Alive,Error,online,2025-04-16,2025-04-25
2025-06-19 14:06:46 NZST,https://capitaflow.online,Not Alive,Error,online,2025-04-16,2025-04-25
2025-06-19 14:06:46 NZST,https://jotcoins.com,Not Alive,Error,com,2025-04-16,2025-04-25
2025-06-19 14:06:47 NZST,https://bxpulsetrades.com,Status 403,403,com,2025-04-16,2025-04-25
2025-06-19 14:06:47 NZST,https://bonkrest.com,Not Alive,Error,com,2025-04-16,2025-04-25
2025-06-19 14:06:48 NZST,https://pcex.com,Not Alive,Error,com,2025-04-17,2025-04-25
2025-06-19 14:06:49 NZST,https://pcex.bet,Alive,200,bet,2025-04-17,2025-04-25
2025-06-19 14:06:49 NZST,https://pcex.fun,Not Alive,Error,fun,2025-04-17,2025-04-25
2025-06-19 14:06:50 NZST,https://pcex.one,Not Alive,Error,one,2025-04-17,2025-04-25
2025-06-19 14:06:50 NZST,https://pcex.org,Not Alive,Error,org,2025-04-17,2025-04-25
2025-06-19 14:06:51 NZST,https://pcex.pro,Not Alive,Error,pro,2025-04-17,2025-04-25
2025-06-19 14:06:51 NZST,https://pcex.xyz,Not Alive,Error,xyz,2025-04-17,2025-04-25
2025-06-19 14:06:52 NZST,https://pcex11.com,Not Alive,Error,com,2025-04-17,2025-04-25
2025-06-19 14:06:52 NZST,https://pcex12.com,Not Alive,Error,com,2025-04-17,2025-04-25
2025-06-19 14:06:53 NZST,https://pcex19.com,Not Alive,Error,com,2025-04-17,2025-04-25
2025-06-19 14:06:53 NZST,https://pcex21.com,Not Alive,Error,com,2025-04-17,2025-04-25
2025-06-19 14:06:54 NZST,https://pcex23.com,Not Alive,Error,com,2025-04-17,2025-04-25
2025-06-19 14:06:54 NZST,https://pcex28.com,Not Alive,Error,com,2025-04-17,2025-04-25
2025-06-19 14:06:55 NZST,https://pcex29.com,Not Alive,Error,com,2025-04-17,2025-04-25
2025-06-19 14:06:55 NZST,https://pcexak.com,Not Alive,Error,com,2025-04-17,2025-04-25
2025-06-19 14:06:56 NZST,https://pcexapa.com,Not Alive,Error,com,2025-04-17,2025-04-25
2025-06-19 14:06:56 NZST,https://pcexapa.net,Not Alive,Error,net,2025-04-17,2025-04-25
2025-06-19 14:06:57 NZST,https://pcexdk.com,Not Alive,Error,com,2025-04-17,2025-04-25
2025-06-19 14:06:57 NZST,https://pcexkk.com,Not Alive,Error,com,2025-04-17,2025-04-25
2025-06-19 14:06:58 NZST,https://pcexpk.com,Not Alive,Error,com,2025-04-17,2025-04-25
2025-06-19 14:06:59 NZST,https://pcexpv.com,Not Alive,Error,com,2025-04-17,2025-04-25
2025-06-19 14:06:59 NZST,https://pcexpy.com,Not Alive,Error,com,2025-04-17,2025-04-25
2025-06-19 14:07:00 NZST,https://pcexq.com,Not Alive,Error,com,2025-04-17,2025-04-25
2025-06-19 14:07:00 NZST,https://pcexqp.com,Not Alive,Error,com,2025-04-17,2025-04-25
2025-06-19 14:07:01 NZST,https://pcexwk.com,Not Alive,Error,com,2025-04-17,2025-04-25
2025-06-19 14:07:01 NZST,https://uicex.com,Not Alive,Error,com,2025-04-17,2025-04-25
2025-06-19 14:07:02 NZST,https://uicex1.com,Not Alive,Error,com,2025-04-17,2025-04-25
2025-06-19 14:07:02 NZST,https://uicex11.com,Not Alive,Error,com,2025-04-17,2025-04-25
2025-06-19 14:07:03 NZST,https://uicex12.com,Not Alive,Error,com,2025-04-17,2025-04-25
2025-06-19 14:07:03 NZST,https://uicex13.com,Not Alive,Error,com,2025-04-17,2025-04-25
2025-06-19 14:07:04 NZST,https://uicex2.com,Not Alive,Error,com,2025-04-17,2025-04-25
2025-06-19 14:07:04 NZST,https://uicex3.com,Not Alive,Error,com,2025-04-17,2025-04-25
2025-06-19 14:07:05 NZST,https://uicexio.com,Not Alive,Error,com,2025-04-17,2025-04-25
2025-06-19 14:07:06 NZST,https://uzex.com,Alive,200,com,2025-04-17,2025-04-25
2025-06-19 14:07:06 NZST,https://uzex1.com,Not Alive,Error,com,2025-04-17,2025-04-25
2025-06-19 14:07:07 NZST,https://uzex11.com,Not Alive,Error,com,2025-04-17,2025-04-25
2025-06-19 14:07:07 NZST,https://uzex14.com,Not Alive,Error,com,2025-04-17,2025-04-25
2025-06-19 14:07:08 NZST,https://uzex3.com,Not Alive,Error,com,2025-04-17,2025-04-25
2025-06-19 14:07:08 NZST,https://uzexag.com,Not Alive,Error,com,2025-04-17,2025-04-25
2025-06-19 14:07:09 NZST,https://grokrcoin.com,Not Alive,Error,com,2025-04-17,2025-04-25
2025-06-19 14:07:10 NZST,https://grokr-coin.com,Not Alive,Error,com,2025-04-17,2025-04-25
2025-06-19 14:07:10 NZST,https://grokr-lss.com,Not Alive,Error,com,2025-04-17,2025-04-25
2025-06-19 14:07:11 NZST,https://grokr-lssc.com,Alive,200,com,2025-04-17,2025-04-25
2025-06-19 14:07:11 NZST,https://grokrbeef.com,Not Alive,Error,com,2025-04-17,2025-04-25
2025-06-19 14:07:12 NZST,https://grokrc66.com,Not Alive,Error,com,2025-04-17,2025-04-25
2025-06-19 14:07:12 NZST,https://grokrco.com,Not Alive,Error,com,2025-04-17,2025-04-25
2025-06-19 14:07:13 NZST,https://grokrcooko.com,Not Alive,Error,com,2025-04-17,2025-04-25
2025-06-19 14:07:13 NZST,https://grokrexkk.com,Not Alive,Error,com,2025-04-17,2025-04-25
2025-06-19 14:07:14 NZST,https://grokrexooc.com,Not Alive,Error,com,2025-04-17,2025-04-25
2025-06-19 14:07:14 NZST,https://grokrexssci.com,Not Alive,Error,com,2025-04-17,2025-04-25
2025-06-19 14:07:15 NZST,https://grokrforcc.com,Not Alive,Error,com,2025-04-17,2025-04-25
2025-06-19 14:07:16 NZST,https://grokrlss.com,Not Alive,Error,com,2025-04-17,2025-04-25
2025-06-19 14:07:16 NZST,https://grokrsoll.com,Not Alive,Error,com,2025-04-17,2025-04-25
2025-06-19 14:07:17 NZST,https://growsub.com,Not Alive,Error,com,2025-04-17,2025-04-25
2025-06-19 14:07:17 NZST,https://68ea.com,Alive,200,com,2025-04-17,2025-04-25
2025-06-19 14:07:18 NZST,https://68ea-idn.com,Alive,200,com,2025-04-17,2025-04-25
2025-06-19 14:07:19 NZST,https://68ea-mys.com,Alive,200,com,2025-04-17,2025-04-25
2025-06-19 14:07:19 NZST,https://68ea-us.com,Alive,200,com,2025-04-17,2025-04-25
2025-06-19 14:07:20 NZST,https://68ea.app,Alive,200,app,2025-04-17,2025-04-25
2025-06-19 14:07:21 NZST,https://68ea02.com,Alive,200,com,2025-04-17,2025-04-25
2025-06-19 14:07:21 NZST,https://68ea1.com,Alive,200,com,2025-04-17,2025-04-25
2025-06-19 14:07:22 NZST,https://68ea2.com,Alive,200,com,2025-04-17,2025-04-25
2025-06-19 14:07:23 NZST,https://68ea3.com,Alive,200,com,2025-04-17,2025-04-25
2025-06-19 14:07:23 NZST,https://68eamys.com,Alive,200,com,2025-04-17,2025-04-25
2025-06-19 14:07:24 NZST,https://68eaus.com,Alive,200,com,2025-04-17,2025-04-25
2025-06-19 14:07:24 NZST,https://riscoin.com,Not Alive,Error,com,2025-04-17,2025-04-25
2025-06-19 14:07:25 NZST,https://riscoin.me,Not Alive,Error,me,2025-04-17,2025-04-25
2025-06-19 14:07:26 NZST,https://riscoin.net,Not Alive,Error,net,2025-04-17,2025-04-25
2025-06-19 14:07:26 NZST,https://riscoin.shop,Not Alive,Error,shop,2025-04-17,2025-04-25
2025-06-19 14:07:27 NZST,https://riscoin8.com,Not Alive,Error,com,2025-04-17,2025-04-25
2025-06-19 14:07:27 NZST,https://v-seagull.com,Not Alive,Error,com,2025-04-17,2025-04-25
2025-06-19 14:07:28 NZST,https://dsjoo.com,Alive,200,com,2025-04-17,2025-04-25
2025-06-19 14:07:29 NZST,https://dsj33.com,Alive,200,com,2025-04-17,2025-04-25
2025-06-19 14:07:29 NZST,https://dsj8.com,Alive,200,com,2025-04-17,2025-04-25
2025-06-19 14:07:30 NZST,https://dsj96.com,Not Alive,Error,com,2025-04-17,2025-04-25
2025-06-19 14:07:30 NZST,https://dsjads.com,Not Alive,Error,com,2025-04-17,2025-04-25
2025-06-19 14:07:31 NZST,https://dsjex.net,Alive,200,net,2025-04-17,2025-04-25
2025-06-19 14:07:31 NZST,https://dsjex.pro,Not Alive,Error,pro,2025-04-17,2025-04-25
2025-06-19 14:07:32 NZST,https://dsjex.shop,Not Alive,Error,shop,2025-04-17,2025-04-25
2025-06-19 14:07:33 NZST,https://dsjex.xyz,Not Alive,Error,xyz,2025-04-17,2025-04-25
2025-06-19 14:07:33 NZST,https://dsjex112.com,Alive,200,com,2025-04-17,2025-04-25
2025-06-19 14:07:34 NZST,https://dsjex321.com,Alive,200,com,2025-04-17,2025-04-25
2025-06-19 14:07:34 NZST,https://dsjex369.com,Alive,200,com,2025-04-17,2025-04-25
2025-06-19 14:07:35 NZST,https://dsjex66.site,Not Alive,Error,site,2025-04-17,2025-04-25
2025-06-19 14:07:36 NZST,https://dsjex789.com,Alive,200,com,2025-04-17,2025-04-25
2025-06-19 14:07:36 NZST,https://dsjex88.blog,Not Alive,Error,blog,2025-04-17,2025-04-25
2025-06-19 14:07:37 NZST,https://dsjex998.com,Alive,200,com,2025-04-17,2025-04-25
2025-06-19 14:07:37 NZST,https://dsjqq.com,Alive,200,com,2025-04-17,2025-04-25
2025-06-19 14:07:38 NZST,https://dsjvv.com,Alive,200,com,2025-04-17,2025-04-25
2025-06-19 14:07:39 NZST,https://cbex18.com,Not Alive,Error,com,2025-04-17,2025-04-25
2025-06-19 14:07:39 NZST,https://cbex-dex.com,Not Alive,Error,com,2025-04-17,2025-04-25
2025-06-19 14:07:40 NZST,https://cbex.cx,Not Alive,Error,cx,2025-04-17,2025-04-25
2025-06-19 14:07:40 NZST,https://cbex.lol,Not Alive,Error,lol,2025-04-17,2025-04-25
2025-06-19 14:07:41 NZST,https://cbex28.com,Not Alive,Error,com,2025-04-17,2025-04-25
2025-06-19 14:07:41 NZST,https://cbex3.com,Not Alive,Error,com,2025-04-17,2025-04-25
2025-06-19 14:07:42 NZST,https://cbex38.com,Not Alive,Error,com,2025-04-17,2025-04-25
2025-06-19 14:07:43 NZST,https://cbex39.com,Not Alive,Error,com,2025-04-17,2025-04-25
2025-06-19 14:07:43 NZST,https://cbex53.com,Not Alive,Error,com,2025-04-17,2025-04-25
2025-06-19 14:07:44 NZST,https://cbex58.com,Not Alive,Error,com,2025-04-17,2025-04-25
2025-06-19 14:07:44 NZST,https://cbex69.com,Not Alive,Error,com,2025-04-17,2025-04-25
2025-06-19 14:07:45 NZST,https://cbexe.com,Not Alive,Error,com,2025-04-17,2025-04-25
2025-06-19 14:07:45 NZST,https://cbexo.com,Not Alive,Error,com,2025-04-17,2025-04-25
2025-06-19 14:07:46 NZST,https://cbextp.com,Not Alive,Error,com,2025-04-17,2025-04-25
2025-06-19 14:07:46 NZST,https://ijexzp.com,Not Alive,Error,com,2025-04-17,2025-04-25
2025-06-19 14:07:47 NZST,https://ijex.bet,Alive,200,bet,2025-04-17,2025-04-25
2025-06-19 14:07:48 NZST,https://ijex.com,Not Alive,Error,com,2025-04-17,2025-04-25
2025-06-19 14:07:49 NZST,https://ijex.pro,Alive,200,pro,2025-04-17,2025-04-25
2025-06-19 14:07:49 NZST,https://ijex15.com,Not Alive,Error,com,2025-04-17,2025-04-25
2025-06-19 14:07:50 NZST,https://ijex35.com,Not Alive,Error,com,2025-04-17,2025-04-25
2025-06-19 14:07:50 NZST,https://ijex38.com,Not Alive,Error,com,2025-04-17,2025-04-25
2025-06-19 14:07:51 NZST,https://ijex51.com,Not Alive,Error,com,2025-04-17,2025-04-25
2025-06-19 14:07:51 NZST,https://ijex53.com,Not Alive,Error,com,2025-04-17,2025-04-25
2025-06-19 14:07:52 NZST,https://ijex55.com,Not Alive,Error,com,2025-04-17,2025-04-25
2025-06-19 14:07:52 NZST,https://ijex56.com,Not Alive,Error,com,2025-04-17,2025-04-25
2025-06-19 14:07:53 NZST,https://ijex63.com,Not Alive,Error,com,2025-04-17,2025-04-25
2025-06-19 14:07:53 NZST,https://ijex9.com,Not Alive,Error,com,2025-04-17,2025-04-25
2025-06-19 14:07:54 NZST,https://ijexcp.com,Not Alive,Error,com,2025-04-17,2025-04-25
2025-06-19 14:07:54 NZST,https://ijexdk.com,Not Alive,Error,com,2025-04-17,2025-04-25
2025-06-19 14:07:55 NZST,https://ijexp.com,Alive,200,com,2025-04-17,2025-04-25
2025-06-19 14:07:56 NZST,https://ijexpa.com,Not Alive,Error,com,2025-04-17,2025-04-25
2025-06-19 14:07:56 NZST,https://ijexpe.com,Not Alive,Error,com,2025-04-17,2025-04-25
2025-06-19 14:07:57 NZST,https://ijexpv.com,Not Alive,Error,com,2025-04-17,2025-04-25
2025-06-19 14:07:57 NZST,https://ijexpy.com,Not Alive,Error,com,2025-04-17,2025-04-25
2025-06-19 14:07:58 NZST,https://ijexqa.com,Not Alive,Error,com,2025-04-17,2025-04-25
2025-06-19 14:07:58 NZST,https://ijexqp.com,Not Alive,Error,com,2025-04-17,2025-04-25
2025-06-19 14:07:59 NZST,https://ijexw.com,Not Alive,Error,com,2025-04-17,2025-04-25
2025-06-19 14:07:59 NZST,https://txex21.com,Not Alive,Error,com,2025-04-17,2025-04-25
2025-06-19 14:08:00 NZST,https://txex-usa.com,Not Alive,Error,com,2025-04-17,2025-04-25
2025-06-19 14:08:00 NZST,https://txex.fun,Not Alive,Error,fun,2025-04-17,2025-04-25
2025-06-19 14:08:01 NZST,https://txex.live,Not Alive,Error,live,2025-04-17,2025-04-25
2025-06-19 14:08:01 NZST,https://txex.lol,Not Alive,Error,lol,2025-04-17,2025-04-25
2025-06-19 14:08:02 NZST,https://txex.nl,Not Alive,Error,nl,2025-04-17,2025-04-25
2025-06-19 14:08:03 NZST,https://txex.one,Alive,200,one,2025-04-17,2025-04-25
2025-06-19 14:08:03 NZST,https://txex.ws,Alive,200,ws,2025-04-17,2025-04-25
2025-06-19 14:08:04 NZST,https://txex1.com,Not Alive,Error,com,2025-04-17,2025-04-25
2025-06-19 14:08:04 NZST,https://txex11.com,Not Alive,Error,com,2025-04-17,2025-04-25
2025-06-19 14:08:05 NZST,https://txex12.com,Not Alive,Error,com,2025-04-17,2025-04-25
2025-06-19 14:08:05 NZST,https://txex13.com,Not Alive,Error,com,2025-04-17,2025-04-25
2025-06-19 14:08:06 NZST,https://txex15.com,Not Alive,Error,com,2025-04-17,2025-04-25
2025-06-19 14:08:06 NZST,https://txex16.com,Not Alive,Error,com,2025-04-17,2025-04-25
2025-06-19 14:08:07 NZST,https://txex2.com,Not Alive,Error,com,2025-04-17,2025-04-25
2025-06-19 14:08:07 NZST,https://txex22.com,Not Alive,Error,com,2025-04-17,2025-04-25
2025-06-19 14:08:08 NZST,https://txex23.com,Not Alive,Error,com,2025-04-17,2025-04-25
2025-06-19 14:08:09 NZST,https://txex25.com,Not Alive,Error,com,2025-04-17,2025-04-25
2025-06-19 14:08:09 NZST,https://txex26.com,Not Alive,Error,com,2025-04-17,2025-04-25
2025-06-19 14:08:10 NZST,https://txex3.com,Not Alive,Error,com,2025-04-17,2025-04-25
2025-06-19 14:08:10 NZST,https://txex31.com,Not Alive,Error,com,2025-04-17,2025-04-25
2025-06-19 14:08:11 NZST,https://txex32.com,Not Alive,Error,com,2025-04-17,2025-04-25
2025-06-19 14:08:11 NZST,https://txex33.com,Not Alive,Error,com,2025-04-17,2025-04-25
2025-06-19 14:08:12 NZST,https://txex35.com,Not Alive,Error,com,2025-04-17,2025-04-25
2025-06-19 14:08:12 NZST,https://txex36.com,Not Alive,Error,com,2025-04-17,2025-04-25
2025-06-19 14:08:13 NZST,https://txex5.com,Not Alive,Error,com,2025-04-17,2025-04-25
2025-06-19 14:08:13 NZST,https://txex6.com,Not Alive,Error,com,2025-04-17,2025-04-25
2025-06-19 14:08:14 NZST,https://txex7.com,Not Alive,Error,com,2025-04-17,2025-04-25
2025-06-19 14:08:14 NZST,https://txex8.com,Not Alive,Error,com,2025-04-17,2025-04-25
2025-06-19 14:08:15 NZST,https://txex9.com,Not Alive,Error,com,2025-04-17,2025-04-25
2025-06-19 14:08:15 NZST,https://txexad.com,Not Alive,Error,com,2025-04-17,2025-04-25
2025-06-19 14:08:16 NZST,https://txexap.com,Not Alive,Error,com,2025-04-17,2025-04-25
2025-06-19 14:08:16 NZST,https://txexs.com,Not Alive,Error,com,2025-04-17,2025-04-25
2025-06-19 14:08:17 NZST,https://txhout.com,Not Alive,Error,com,2025-04-17,2025-04-25
2025-06-19 14:08:18 NZST,https://blockchainminners.com,Alive,200,com,2025-04-16,2025-04-25
2025-06-19 14:08:19 NZST,https://blockhiveinvestment.com,Alive,200,com,2025-04-16,2025-04-25
2025-06-19 14:08:20 NZST,https://bitnextinv.com,Not Alive,Error,com,2025-04-16,2025-04-25
2025-06-19 14:08:20 NZST,https://bitcoinminingasset.com,Not Alive,Error,com,2025-04-16,2025-04-25
2025-06-19 14:08:21 NZST,https://bitcistckasset.com,Not Alive,Error,com,2025-04-16,2025-04-25
2025-06-19 14:08:21 NZST,https://bestbinarytrading.com,Not Alive,Error,com,2025-04-16,2025-04-25
2025-06-19 14:08:22 NZST,https://baxterfxtrade.com,Not Alive,Error,com,2025-04-16,2025-04-25
2025-06-19 14:08:22 NZST,https://apogeeglobal.ltd,Not Alive,Error,ltd,2025-04-16,2025-04-25
2025-06-19 14:08:23 NZST,https://alts-profit.com,Not Alive,Error,com,2025-04-16,2025-04-25
2025-06-19 14:08:23 NZST,https://alphatopultimate.com,Not Alive,Error,com,2025-04-16,2025-04-25
2025-06-19 14:08:24 NZST,https://adroitlimited.com,Alive,200,com,2025-04-16,2025-04-25
2025-06-19 14:08:35 NZST,https://skyinvesthub.com,Not Alive,Error,com,2025-03-28,2025-04-01
2025-06-19 14:08:36 NZST,https://ipoalerts.pro,Alive,200,pro,2025-03-28,2025-04-01
2025-06-19 14:08:39 NZST,https://ipoalertspro.com,Not Alive,Error,com,2025-03-28,2025-04-01
2025-06-19 14:08:49 NZST,https://orbitipo.com,Not Alive,Error,com,2025-03-28,2025-04-01
2025-06-19 14:08:50 NZST,https://orbittrades.com,Alive,200,com,2025-03-28,2025-04-01
2025-06-19 14:09:01 NZST,https://satellitestocks.com,Not Alive,Error,com,2025-03-28,2025-04-01
2025-06-19 14:09:02 NZST,https://techgrowthinvest.com,Alive,200,com,2025-03-28,2025-04-01
2025-06-19 14:09:03 NZST,https://top5investinsider.com,Alive,200,com,2025-03-28,2025-04-01
2025-06-19 14:09:04 NZST,https://blockchain-dep.com,Status 403,403,com,,2025-05-26
2025-06-19 14:09:04 NZST,https://backchain.co.uk,Not Alive,Error,co.uk,,2025-05-26
2025-06-19 14:09:05 NZST,https://cfar.io,Not Alive,Error,io,,2025-05-26
2025-06-19 14:09:05 NZST,https://frsclaim.com,Not Alive,Error,com,,2025-05-26
2025-06-19 14:09:06 NZST,https://spisolutions.org,Not Alive,Error,org,,2025-05-26
2025-06-19 14:09:07 NZST,https://juhbz.org/#/;,Status 403,403,org,2024-08-07,2025-05-09
